fila,url,entidad,municipio,departamento,tipo
487,https://www.contratos.gov.co/consultas/detalleProceso.do?numConstancia=19-21-10185,HUILA - GOBERNACIÓN,Neiva,Huila,BLOQUEADA
488,https://www.contratos.gov.co/consultas/detalleProceso.do?numConstancia=22-21-30043,HUILA - ALCALDÍA MUNICIPIO DE GARZÓN,Garzón,Huila,BLOQUEADA
493,https://www.contratos.gov.co/consultas/detalleProceso.do?numConstancia=19-1-200755,SANTANDER - ALCALDÍA MUNICIPIO DE BUCARAMANGA,Bucaramanga,Santander,BLOQUEADA
494,https://www.contratos.gov.co/consultas/detalleProceso.do?numConstancia=21-11-12548092,SANTANDER - ALCALDÍA MUNICIPIO DE SAN VICENTE CHUCURÍ,San Vicente de Chucurí,Santander,BLOQUEADA
499,https://www.contratos.gov.co/consultas/detalleProceso.do?numConstancia=21-1-221118,ANTIOQUIA - ALCALDÍA MUNICIPIO DE SANTUARIO,El Santuario,Antioquia,BLOQUEADA
500,https://www.contratos.gov.co/consultas/detalleProceso.do?numConstancia=18-1-193038,ANTIOQUIA - ALCALDÍA MUNICIPIO DE ITAGÜÍ,Itagüí,Antioquia,BLOQUEADA
506,https://www.contratos.gov.co/consultas/detalleProceso.do?numConstancia=18-21-3869,CASANARE - GOBERNACIÓN,Yopal,Casanare,BLOQUEADA
507,https://www.contratos.gov.co/consultas/detalleProceso.do?numConstancia=19-21-11525,CAUCA - ALCALDÍA MUNICIPIO DE TOTORO,Totoró,Cauca,BLOQUEADA
508,https://www.contratos.gov.co/consultas/detalleProceso.do?numConstancia=18-21-6916,NORTE DE SANTANDER - GOBERNACIÓN,San José de Cúcuta,Norte De Santander,BLOQUEADA
509,https://www.contratos.gov.co/consultas/detalleProceso.do?numConstancia=18-21-6941,CUNDINAMARCA - ALCALDÍA MUNICIPIO DE TOCANCIPÁ,Tocancipá,Cundinamarca,BLOQUEADA
510,https://www.contratos.gov.co/consultas/detalleProceso.do?numConstancia=18-21-3496,CUNDINAMARCA - ALCALDÍA MUNICIPIO DE SIBATÉ,Sibaté,Cundinamarca,BLOQUEADA
515,https://www.contratos.gov.co/consultas/detalleProceso.do?numConstancia=21-1-217785,TOLIMA - ALCALDÍA MUNICIPIO DE PURIFICACIÓN,Purificación,Tolima,BLOQUEADA
516,https://www.contratos.gov.co/consultas/detalleProceso.do?numConstancia=22-11-12668037,CUNDINAMARCA - ALCALDÍA MUNICIPIO DE VILLAGÓMEZ,Villagómez,Cundinamarca,BLOQUEADA
517,https://www.contratos.gov.co/consultas/detalleProceso.do?numConstancia=20-4-11390780,CORPOCALDAS - CORPORACIÓN AUTÓNOMA REGIONAL DE CALDAS,Manizales,Caldas,BLOQUEADA
518,https://www.contratos.gov.co/consultas/detalleProceso.do?numConstancia=22-21-33289,SANTANDER - ALCALDÍA MUNICIPIO DE CABRERA,Cabrera,Santander,BLOQUEADA
531,https://www.contratos.gov.co/consultas/detalleProceso.do?numConstancia=22-21-34453,CASANARE - ALCALDÍA MUNICIPIO DE TRINIDAD,Trinidad,Casanare,BLOQUEADA
539,https://www.contratos.gov.co/consultas/detalleProceso.do?numConstancia=19-21-9053,BOYACÁ - ALCALDÍA MUNICIPIO DE SOGAMOSO,Sogamoso,Boyacá,BLOQUEADA
540,https://www.contratos.gov.co/consultas/detalleProceso.do?numConstancia=21-21-26013,CORPORACIÓN AUTÓNOMA REGIONAL DEL GUAVIO,Gachalá,Cundinamarca,BLOQUEADA
541,https://www.contratos.gov.co/consultas/detalleProceso.do?numConstancia=18-21-7247,BOYACÁ - EMPRESAS PUBLICAS DE BOYACÁ S.A E.S.P,Tunja,Boyacá,BLOQUEADA
542,https://www.contratos.gov.co/consultas/detalleProceso.do?numConstancia=19-21-15660,META - ALCALDÍA MUNICIPIO DE SAN MARTÍN DE LOS LLANOS,San Martín,Meta,BLOQUEADA
548,https://www.contratos.gov.co/consultas/detalleProceso.do?numConstancia=22-21-31692,CUNDINAMARCA - ALCALDÍA MUNICIPIO DE SASAIMA,Sasaima,Cundinamarca,BLOQUEADA
549,https://www.contratos.gov.co/consultas/detalleProceso.do?numConstancia=23-11-13650972,META - ALCALDÍA MUNICIPIO DE SAN MARTÍN DE LOS LLANOS,San Martín,Meta,BLOQUEADA
550,https://www.contratos.gov.co/consultas/detalleProceso.do?numConstancia=19-22-4150,INSTITUTO COLOMBIANO DE BIENESTAR FAMILIAR (ICBF),Bogotá D.C.,Bogotá D.C.,BLOQUEADA
551,https://www.contratos.gov.co/consultas/detalleProceso.do?numConstancia=19-4-9521325,ANTIOQUIA - TERMINALES DE TRANSPORTE DE MEDELLÍN S.A.,Medellín,Antioquia,BLOQUEADA
552,https://www.contratos.gov.co/consultas/detalleProceso.do?numConstancia=19-21-8636,BOYACÁ - ALCALDÍA MUNICIPIO DE RAMIRIQUÍ,Ramiriquí,Boyacá,BLOQUEADA
553,https://www.contratos.gov.co/consultas/detalleProceso.do?numConstancia=21-1-219479,GUAINÍA - ALCALDÍA MUNICIPIO DE INÍRIDA,Inírida,Guainía,BLOQUEADA
554,https://www.contratos.gov.co/consultas/detalleProceso.do?numConstancia=19-11-9082783,CAR - CORPORACIÓN AUTÓNOMA REGIONAL DE CUNDINAMARCA,Bogotá D.C.,Bogotá D.C.,BLOQUEADA
555,https://www.contratos.gov.co/consultas/detalleProceso.do?numConstancia=23-21-35938,CUNDINAMARCA - ALCALDÍA MUNICIPIO DE UBAQUE,Ubaque,Cundinamarca,BLOQUEADA
556,https://www.contratos.gov.co/consultas/detalleProceso.do?numConstancia=19-1-204738,ANTIOQUIA - ALCALDÍA MUNICIPIO DE SAN JERÓNIMO,San Jerónimo,Antioquia,BLOQUEADA
557,https://www.contratos.gov.co/consultas/detalleProceso.do?numConstancia=18-1-194510,LA GUAJIRA - ALCALDÍA MUNICIPIO DE SAN JUAN DEL CESAR,San Juan del Cesar,La Guajira,BLOQUEADA
558,https://www.contratos.gov.co/consultas/detalleProceso.do?numConstancia=19-22-6592,INSTITUTO COLOMBIANO DE BIENESTAR FAMILIAR (ICBF),Bogotá D.C.,Bogotá D.C.,BLOQUEADA
579,https://www.contratos.gov.co/consultas/detalleProceso.do?numConstancia=19-22-6456,INSTITUTO COLOMBIANO DE BIENESTAR FAMILIAR (ICBF),Bogotá D.C.,Bogotá D.C.,BLOQUEADA
584,https://www.contratos.gov.co/consultas/detalleProceso.do?numConstancia=22-21-30440,SANTANDER - ALCALDÍA MUNICIPIO DE SAN VICENTE CHUCURÍ,San Vicente de Chucurí,Santander,BLOQUEADA
585,https://www.contratos.gov.co/consultas/detalleProceso.do?numConstancia=19-21-10290,SANTANDER - ALCALDÍA MUNICIPIO DE SABANA DE TORRES,Sabana de Torres,Santander,BLOQUEADA
586,https://www.contratos.gov.co/consultas/detalleProceso.do?numConstancia=18-1-186225,BOYACÁ - ALCALDÍA MUNICIPIO DE DUITAMA,Duitama,Boyacá,BLOQUEADA
587,https://www.contratos.gov.co/consultas/detalleProceso.do?numConstancia=19-22-4564,INSTITUTO COLOMBIANO DE BIENESTAR FAMILIAR (ICBF),Bogotá D.C.,Bogotá D.C.,BLOQUEADA
588,https://www.contratos.gov.co/consultas/detalleProceso.do?numConstancia=22-21-32657,CUNDINAMARCA - ALCALDÍA MUNICIPIO DE EL ROSAL,El Rosal,Cundinamarca,BLOQUEADA
589,https://www.contratos.gov.co/consultas/detalleProceso.do?numConstancia=21-4-11891812,ELECTRIFICADORA DEL HUILA S.A. E.S.P.,Neiva,Huila,BLOQUEADA
590,https://www.contratos.gov.co/consultas/detalleProceso.do?numConstancia=21-4-11799036,ANTIOQUIA - EMPRESA DE DESARROLLO SOSTENIBLE DEL ORIENTE EDESO - RIONEGRO,Rionegro,Antioquia,BLOQUEADA
591,https://www.contratos.gov.co/consultas/detalleProceso.do?numConstancia=18-4-8397207,INSTITUTO COLOMBIANO DE BIENESTAR FAMILIAR (ICBF),Bogotá D.C.,Bogotá D.C.,BLOQUEADA
603,https://www.contratos.gov.co/consultas/detalleProceso.do?numConstancia=19-4-9266628,ANTIOQUIA - EMPRESA DE SERVICIOS PÚBLICOS DE SAN JOSÉ DE LA MARINILLA E.S.P.,Marinilla,Antioquia,BLOQUEADA
604,https://www.contratos.gov.co/consultas/detalleProceso.do?numConstancia=20-4-10770330,SANTANDER - E.S.P. AGUAS DE BARRANCABERMEJA S.A. - BARRANCABERMEJA,Barrancabermeja,Santander,BLOQUEADA
605,https://www.contratos.gov.co/consultas/detalleProceso.do?numConstancia=18-21-7426,CASANARE - ALCALDÍA MUNICIPIO DE SABANALARGA,Sabanalarga,Casanare,BLOQUEADA
618,https://www.contratos.gov.co/consultas/detalleProceso.do?numConstancia=19-21-10204,SUCRE - ALCALDÍA MUNICIPIO DE SINCELEJO,Sincelejo,Sucre,BLOQUEADA
619,https://www.contratos.gov.co/consultas/detalleProceso.do?numConstancia=19-21-13866,HUILA - GOBERNACIÓN,Neiva,Huila,BLOQUEADA
620,https://www.contratos.gov.co/consultas/detalleProceso.do?numConstancia=21-4-11988929,SANTANDER - E.S.P. AGUAS DE BARRANCABERMEJA S.A. - BARRANCABERMEJA,Barrancabermeja,Santander,BLOQUEADA
621,https://www.contratos.gov.co/consultas/detalleProceso.do?numConstancia=18-1-187110,CUNDINAMARCA - ALCALDÍA MUNICIPIO DE FACATATIVÁ,Facatativá,Cundinamarca,BLOQUEADA
622,https://www.contratos.gov.co/consultas/detalleProceso.do?numConstancia=19-22-4145,INSTITUTO COLOMBIANO DE BIENESTAR FAMILIAR (ICBF),Bogotá D.C.,Bogotá D.C.,BLOQUEADA
623,https://www.contratos.gov.co/consultas/detalleProceso.do?numConstancia=21-21-26997,ANTIOQUIA - ALCALDÍA MUNICIPIO DE PUERTO NARE,Puerto Nare,Antioquia,BLOQUEADA
624,https://www.contratos.gov.co/consultas/detalleProceso.do?numConstancia=21-4-11904538,ELECTRIFICADORA DEL HUILA S.A. E.S.P.,Neiva,Huila,BLOQUEADA
633,https://www.contratos.gov.co/consultas/detalleProceso.do?numConstancia=18-21-6655,ANTIOQUIA - ALCALDÍA MUNICIPIO DE CIUDAD BOLÍVAR,Ciudad Bolívar,Antioquia,BLOQUEADA
634,https://www.contratos.gov.co/consultas/detalleProceso.do?numConstancia=21-21-24718,VICHADA - ALCALDÍA MUNICIPIO DE CUMARIBO,Cumaribo,Vichada,BLOQUEADA
635,https://www.contratos.gov.co/consultas/detalleProceso.do?numConstancia=18-21-5137,NORTE DE SANTANDER - ALCALDÍA MUNICIPIO DE TIBÚ,Tibú,Norte De Santander,BLOQUEADA
640,https://www.contratos.gov.co/consultas/detalleProceso.do?numConstancia=19-22-6333,INSTITUTO COLOMBIANO DE BIENESTAR FAMILIAR (ICBF),Bogotá D.C.,Bogotá D.C.,BLOQUEADA
641,https://www.contratos.gov.co/consultas/detalleProceso.do?numConstancia=18-21-2792,ANTIOQUIA - ALCALDÍA MUNICIPIO DE SANTA ROSA DE OSOS,Santa Rosa de Osos,Antioquia,BLOQUEADA
642,https://www.contratos.gov.co/consultas/detalleProceso.do?numConstancia=18-21-4551,VALLE DEL CAUCA - GOBERNACIÓN,Cali,Valle del Cauca,BLOQUEADA
643,https://www.contratos.gov.co/consultas/detalleProceso.do?numConstancia=21-1-214597,ANTIOQUIA - ALCALDÍA MUNICIPIO DE SANTUARIO,El Santuario,Antioquia,BLOQUEADA
644,https://www.contratos.gov.co/consultas/detalleProceso.do?numConstancia=19-21-8522,CHOCÓ - ALCALDÍA MUNICIPIO DE EL CARMEN DE ATRATO,El Carmen de Atrato,Chocó,BLOQUEADA
661,https://www.contratos.gov.co/consultas/detalleProceso.do?numConstancia=18-1-194557,SANTANDER - ALCALDÍA MUNICIPIO DE BUCARAMANGA,Bucaramanga,Santander,BLOQUEADA
662,https://www.contratos.gov.co/consultas/detalleProceso.do?numConstancia=20-21-20468,META - ALCALDÍA MUNICIPIO DE CUMARAL,Cumaral,Meta,BLOQUEADA
663,https://www.contratos.gov.co/consultas/detalleProceso.do?numConstancia=19-21-9000,SANTANDER - INSTITUTO DE VIVIENDA DE INTERÉS SOCIAL Y REFORMA URBANA DE BUCARAMANGA,Bucaramanga,Santander,BLOQUEADA
664,https://www.contratos.gov.co/consultas/detalleProceso.do?numConstancia=18-1-193148,SANTANDER - ALCALDÍA MUNICIPIO DE PUERTO WILCHES,Puerto Wilches,Santander,BLOQUEADA
665,https://www.contratos.gov.co/consultas/detalleProceso.do?numConstancia=21-4-12593073,ANTIOQUIA - EMPRESA DE SERVICIOS PÚBLICOS DE SAN JOSÉ DE LA MARINILLA E.S.P.,Marinilla,Antioquia,BLOQUEADA
666,https://www.contratos.gov.co/consultas/detalleProceso.do?numConstancia=18-21-2440,CUNDINAMARCA - ALCALDÍA MUNICIPIO DE UBATÉ,Villa de San Diego de Ubate,Cundinamarca,BLOQUEADA
667,https://www.contratos.gov.co/consultas/detalleProceso.do?numConstancia=18-1-192447,CUNDINAMARCA - ALCALDÍA MUNICIPIO DE CAJICÁ,Cajicá,Cundinamarca,BLOQUEADA
669,https://www.contratos.gov.co/consultas/detalleProceso.do?numConstancia=19-21-12851,CAR - CORPORACIÓN AUTÓNOMA REGIONAL DE CUNDINAMARCA,Bogotá D.C.,Bogotá D.C.,BLOQUEADA
670,https://www.contratos.gov.co/consultas/detalleProceso.do?numConstancia=19-22-4544,INSTITUTO COLOMBIANO DE BIENESTAR FAMILIAR (ICBF),Bogotá D.C.,Bogotá D.C.,BLOQUEADA
677,https://www.contratos.gov.co/consultas/detalleProceso.do?numConstancia=21-21-25818,BOYACÁ - ALCALDÍA MUNICIPIO DE GARAGOA,Garagoa,Boyacá,BLOQUEADA
678,https://www.contratos.gov.co/consultas/detalleProceso.do?numConstancia=19-21-12132,SANTANDER - ALCALDÍA MUNICIPIO DE BUCARAMANGA,Bucaramanga,Santander,BLOQUEADA
688,https://www.contratos.gov.co/consultas/detalleProceso.do?numConstancia=19-12-9544646,ANTIOQUIA - ALCALDÍA MUNICIPIO DE ENVIGADO,Envigado,Antioquia,BLOQUEADA
689,https://www.contratos.gov.co/consultas/detalleProceso.do?numConstancia=23-21-36710,BOYACÁ - ALCALDÍA MUNICIPIO DE TIBANÁ,Tibaná,Boyacá,BLOQUEADA
696,https://www.contratos.gov.co/consultas/detalleProceso.do?numConstancia=21-21-22113,CUNDINAMARCA - ALCALDÍA MUNICIPIO DE UBATÉ,Villa de San Diego de Ubate,Cundinamarca,BLOQUEADA
697,https://www.contratos.gov.co/consultas/detalleProceso.do?numConstancia=22-21-34050,BOYACÁ - ALCALDÍA MUNICIPIO DE NOBSA,Nobsa,Boyacá,BLOQUEADA
698,https://www.contratos.gov.co/consultas/detalleProceso.do?numConstancia=21-21-28544,VAUPÉS - GOBERNACIÓN,Mitú,Vaupés,BLOQUEADA
699,https://www.contratos.gov.co/consultas/detalleProceso.do?numConstancia=18-4-7966117,VALLE DEL CAUCA - EMPRESAS PÚBLICAS MUNICIPALES DE CARTAGO,Cartago,Valle del Cauca,BLOQUEADA
700,https://www.contratos.gov.co/consultas/detalleProceso.do?numConstancia=19-21-13658,HUILA - GOBERNACIÓN,Neiva,Huila,BLOQUEADA
706,https://www.contratos.gov.co/consultas/detalleProceso.do?numConstancia=19-22-4196,INSTITUTO COLOMBIANO DE BIENESTAR FAMILIAR (ICBF),Bogotá D.C.,Bogotá D.C.,BLOQUEADA
707,https://www.contratos.gov.co/consultas/detalleProceso.do?numConstancia=21-21-21596,CAUCA - ALCALDÍA MUNICIPIO DE MIRANDA,Miranda,Cauca,BLOQUEADA
708,https://www.contratos.gov.co/consultas/detalleProceso.do?numConstancia=21-22-28315,CÓRDOBA - AGUAS DE CÓRDOBA S.A. E.S.P.,Montería,Córdoba,BLOQUEADA
713,https://www.contratos.gov.co/consultas/detalleProceso.do?numConstancia=19-21-9625,RISARALDA - ALCALDÍA MUNICIPIO DE GUATICA,Guática,Risaralda,BLOQUEADA
714,https://www.contratos.gov.co/consultas/detalleProceso.do?numConstancia=20-21-21000,NORTE DE SANTANDER - ALCALDÍA MUNICIPIO DE SALAZAR DE LAS PALMAS,Salazar de las Palmas,Norte De Santander,BLOQUEADA
719,https://www.contratos.gov.co/consultas/detalleProceso.do?numConstancia=20-1-211906,CARDIQUE - CORPORACIÓN AUTÓNOMA REGIONAL DEL CANAL DEL DIQUE,Cartagena,Bolívar,BLOQUEADA
731,https://www.contratos.gov.co/consultas/detalleProceso.do?numConstancia=19-21-10873,BOYACÁ - ALCALDÍA MUNICIPIO DE RAMIRIQUÍ,Ramiriquí,Boyacá,BLOQUEADA
732,https://www.contratos.gov.co/consultas/detalleProceso.do?numConstancia=19-21-9036,ANTIOQUIA - DISTRITO ESPECIAL DE CIENCIA; TECNOLOGICA E INNOVACION DE MEDELLIN,Medellín,Antioquia,BLOQUEADA
733,https://www.contratos.gov.co/consultas/detalleProceso.do?numConstancia=19-22-5473,INSTITUTO COLOMBIANO DE BIENESTAR FAMILIAR (ICBF),Bogotá D.C.,Bogotá D.C.,BLOQUEADA
734,https://www.contratos.gov.co/consultas/detalleProceso.do?numConstancia=19-21-15156,GUAVIARE - GOBERNACIÓN,San José del Guaviare,Guaviare,BLOQUEADA
739,https://www.contratos.gov.co/consultas/detalleProceso.do?numConstancia=19-21-15315,SANTANDER - ALCALDÍA MUNICIPIO DE SABANA DE TORRES,Sabana de Torres,Santander,BLOQUEADA
740,https://www.contratos.gov.co/consultas/detalleProceso.do?numConstancia=21-21-26647,CAQUETÁ - ALCALDÍA MUNICIPIO DE MILÁN,Milán,Caquetá,BLOQUEADA
741,https://www.contratos.gov.co/consultas/detalleProceso.do?numConstancia=18-21-4662,BOYACÁ - ALCALDÍA MUNICIPIO DE NOBSA,Nobsa,Boyacá,BLOQUEADA
742,https://www.contratos.gov.co/consultas/detalleProceso.do?numConstancia=21-4-11644376,TOLIMA - EMPRESA IBAGUEREÑA DE ACUEDUCTO Y ALCANTARILLADO IBAL S.A. E.S.P.,Ibagué,Tolima,BLOQUEADA
750,https://www.contratos.gov.co/consultas/detalleProceso.do?numConstancia=22-21-31641,SANTANDER - ALCALDÍA MUNICIPIO DE JESÚS MARÍA,Jesús María,Santander,BLOQUEADA
751,https://www.contratos.gov.co/consultas/detalleProceso.do?numConstancia=18-21-1543,INSTITUTO DE CASAS FISCALES DEL EJÉRCITO (ICFE),Bogotá D.C.,Bogotá D.C.,BLOQUEADA
752,https://www.contratos.gov.co/consultas/detalleProceso.do?numConstancia=22-21-31611,BOYACÁ - ALCALDÍA MUNICIPIO DE TIBANÁ,Tibaná,Boyacá,BLOQUEADA
753,https://www.contratos.gov.co/consultas/detalleProceso.do?numConstancia=20-12-10264501,BOGOTÁ D.C. - INSTITUTO DISTRITAL DE GESTIÓN DE RIESGOS Y CAMBIO CLIMÁTICO - IDIGER,Bogotá D.C.,Bogotá D.C.,BLOQUEADA
760,https://www.contratos.gov.co/consultas/detalleProceso.do?numConstancia=19-21-13849,CAUCA - ALCALDÍA MUNICIPIO DE BOLÍVAR,Bolívar,Cauca,BLOQUEADA
765,https://www.contratos.gov.co/consultas/detalleProceso.do?numConstancia=21-12-12002564,VAUPÉS - ALCALDÍA MUNICIPIO DE TARAIRA,Taraira,Vaupés,BLOQUEADA
770,https://www.contratos.gov.co/consultas/detalleProceso.do?numConstancia=21-12-12347872,NORTE DE SANTANDER - ALCALDÍA MUNICIPIO DE OCAÑA,Ocaña,Norte De Santander,BLOQUEADA
781,https://www.contratos.gov.co/consultas/detalleProceso.do?numConstancia=19-21-15761,CÓRDOBA - ALCALDÍA MUNICIPIO DE AYAPEL,Ayapel,Córdoba,BLOQUEADA
782,https://www.contratos.gov.co/consultas/detalleProceso.do?numConstancia=19-21-8785,SANTANDER - ÁREA METROPOLITANA DE BUCARAMANGA,Bucaramanga,Santander,BLOQUEADA
783,https://www.contratos.gov.co/consultas/detalleProceso.do?numConstancia=21-21-21178,CUNDINAMARCA - ALCALDÍA MUNICIPIO DE RICAURTE,Ricaurte,Cundinamarca,BLOQUEADA
784,https://www.contratos.gov.co/consultas/detalleProceso.do?numConstancia=22-21-31616,NARIÑO - ALCALDÍA MUNICIPIO DE FUNES,Funes,Nariño,BLOQUEADA
785,https://www.contratos.gov.co/consultas/detalleProceso.do?numConstancia=18-4-8737945,ANTIOQUIA - TERMINALES DE TRANSPORTE DE MEDELLÍN S.A.,Medellín,Antioquia,BLOQUEADA
788,https://www.contratos.gov.co/consultas/detalleProceso.do?numConstancia=19-22-11198,INSTITUTO COLOMBIANO DE BIENESTAR FAMILIAR (ICBF),Bogotá D.C.,Bogotá D.C.,BLOQUEADA
793,https://www.contratos.gov.co/consultas/detalleProceso.do?numConstancia=18-21-2898,TOLIMA - ALCALDÍA MUNICIPIO DE MELGAR,Melgar,Tolima,BLOQUEADA
794,https://www.contratos.gov.co/consultas/detalleProceso.do?numConstancia=19-21-13014,CASANARE - ALCALDÍA MUNICIPIO DE VILLANUEVA,Villanueva,Casanare,BLOQUEADA
795,https://www.contratos.gov.co/consultas/detalleProceso.do?numConstancia=19-12-9016440,ANTIOQUIA - ALCALDÍA MUNICIPIO DE GRANADA,Granada,Antioquia,BLOQUEADA
796,https://www.contratos.gov.co/consultas/detalleProceso.do?numConstancia=19-21-13017,SANTANDER - ALCALDÍA MUNICIPIO DE SAN GIL,San Gil,Santander,BLOQUEADA
797,https://www.contratos.gov.co/consultas/detalleProceso.do?numConstancia=20-4-10593631,ANTIOQUIA - AGUAS REGIONALES EPM S.A. E.S.P. - APARTADÓ,Apartadó,Antioquia,BLOQUEADA
808,https://www.contratos.gov.co/consultas/detalleProceso.do?numConstancia=18-4-8395831,ANTIOQUIA - EMPRESA DE DESARROLLO URBANO EDU - MEDELLIN,Medellín,Antioquia,BLOQUEADA
820,https://www.contratos.gov.co/consultas/detalleProceso.do?numConstancia=21-4-12125390,SANTANDER - E.S.P. AGUAS DE BARRANCABERMEJA S.A. - BARRANCABERMEJA,Barrancabermeja,Santander,BLOQUEADA
822,https://www.contratos.gov.co/consultas/detalleProceso.do?numConstancia=18-21-6212,NARIÑO - ALCALDÍA MUNICIPIO DE YACUANQUER,Yacuanquer,Nariño,BLOQUEADA
823,https://www.contratos.gov.co/consultas/detalleProceso.do?numConstancia=19-22-4142,INSTITUTO COLOMBIANO DE BIENESTAR FAMILIAR (ICBF),Bogotá D.C.,Bogotá D.C.,BLOQUEADA
824,https://www.contratos.gov.co/consultas/detalleProceso.do?numConstancia=18-1-186166,CUNDINAMARCA - ALCALDÍA MUNICIPIO DE VILLETA,Villeta,Cundinamarca,BLOQUEADA
825,https://www.contratos.gov.co/consultas/detalleProceso.do?numConstancia=18-1-189536,SANTANDER - ALCALDÍA MUNICIPIO DE PIEDECUESTA,Piedecuesta,Santander,BLOQUEADA
826,https://www.contratos.gov.co/consultas/detalleProceso.do?numConstancia=18-4-8252973,ANTIOQUIA - EMPRESAS PÚBLICAS DE LA CEJA DEL TAMBO E.S.P.,Medellín,Antioquia,BLOQUEADA
829,https://www.contratos.gov.co/consultas/detalleProceso.do?numConstancia=19-22-3732,INSTITUTO COLOMBIANO DE BIENESTAR FAMILIAR (ICBF),Bogotá D.C.,Bogotá D.C.,BLOQUEADA
834,https://www.contratos.gov.co/consultas/detalleProceso.do?numConstancia=18-21-227,INSTITUTO NACIONAL DE MEDICINA LEGAL Y CIENCIAS FORENSES,Bogotá D.C.,Bogotá D.C.,BLOQUEADA
835,https://www.contratos.gov.co/consultas/detalleProceso.do?numConstancia=20-21-17009,CUNDINAMARCA - ALCALDÍA MUNICIPIO DE RICAURTE,Ricaurte,Cundinamarca,BLOQUEADA
840,https://www.contratos.gov.co/consultas/detalleProceso.do?numConstancia=18-21-7504,SANTANDER - GOBERNACIÓN,Bucaramanga,Santander,BLOQUEADA
841,https://www.contratos.gov.co/consultas/detalleProceso.do?numConstancia=18-4-8376121,SANTANDER - E.S.P. AGUAS DE BARRANCABERMEJA S.A. - BARRANCABERMEJA,Barrancabermeja,Santander,BLOQUEADA
842,https://www.contratos.gov.co/consultas/detalleProceso.do?numConstancia=21-21-22155,ANTIOQUIA - ALCALDÍA MUNICIPIO DE PUERTO TRIUNFO,Puerto Triunfo,Antioquia,BLOQUEADA
851,https://www.contratos.gov.co/consultas/detalleProceso.do?numConstancia=21-1-214199,NORTE DE SANTANDER - ALCALDÍA MUNICIPIO DE ABREGO,Abrego,Norte De Santander,BLOQUEADA
864,https://www.contratos.gov.co/consultas/detalleProceso.do?numConstancia=21-21-23660,META - ALCALDÍA MUNICIPIO DE PUERTO CONCORDIA,Puerto Concordia,Meta,BLOQUEADA
865,https://www.contratos.gov.co/consultas/detalleProceso.do?numConstancia=21-21-25401,CUNDINAMARCA - ALCALDÍA MUNICIPIO DE CHOCONTÁ,Chocontá,Cundinamarca,BLOQUEADA
868,https://www.contratos.gov.co/consultas/detalleProceso.do?numConstancia=19-1-200683,CASANARE - ALCALDÍA MUNICIPIO DE VILLANUEVA,Villanueva,Casanare,BLOQUEADA
869,https://www.contratos.gov.co/consultas/detalleProceso.do?numConstancia=19-22-4568,INSTITUTO COLOMBIANO DE BIENESTAR FAMILIAR (ICBF),Bogotá D.C.,Bogotá D.C.,BLOQUEADA
870,https://www.contratos.gov.co/consultas/detalleProceso.do?numConstancia=21-1-215597,CUNDINAMARCA - ALCALDÍA MUNICIPIO DE VILLAGÓMEZ,Villagómez,Cundinamarca,BLOQUEADA
871,https://www.contratos.gov.co/consultas/detalleProceso.do?numConstancia=21-21-21728,VAUPÉS - ALCALDÍA MUNICIPIO DE MITÚ,Mitú,Vaupés,BLOQUEADA
872,https://www.contratos.gov.co/consultas/detalleProceso.do?numConstancia=18-21-2140,SANTANDER - ALCALDÍA MUNICIPIO DE CABRERA,Cabrera,Santander,BLOQUEADA
877,https://www.contratos.gov.co/consultas/detalleProceso.do?numConstancia=19-21-14949,CUNDINAMARCA - ALCALDÍA MUNICIPIO DE TABIO,Tabio,Cundinamarca,BLOQUEADA
878,https://www.contratos.gov.co/consultas/detalleProceso.do?numConstancia=23-21-39448,CAQUETÁ - ALCALDÍA MUNICIPIO DE SAN JOSÉ DE FRAGUA,San José del Fragua,Caquetá,BLOQUEADA
879,https://www.contratos.gov.co/consultas/detalleProceso.do?numConstancia=19-22-6582,INSTITUTO COLOMBIANO DE BIENESTAR FAMILIAR (ICBF),Bogotá D.C.,Bogotá D.C.,BLOQUEADA
880,https://www.contratos.gov.co/consultas/detalleProceso.do?numConstancia=21-12-12641389,ANTIOQUIA - ALCALDÍA MUNICIPIO DE DABEIBA,Dabeiba,Antioquia,BLOQUEADA
889,https://www.contratos.gov.co/consultas/detalleProceso.do?numConstancia=19-1-205532,NORTE DE SANTANDER - GOBERNACIÓN,San José de Cúcuta,Norte De Santander,BLOQUEADA
898,https://www.contratos.gov.co/consultas/detalleProceso.do?numConstancia=19-22-4129,INSTITUTO COLOMBIANO DE BIENESTAR FAMILIAR (ICBF),Bogotá D.C.,Bogotá D.C.,BLOQUEADA
899,https://www.contratos.gov.co/consultas/detalleProceso.do?numConstancia=19-1-199604,SANTANDER - ALCALDÍA MUNICIPIO DE SAN VICENTE CHUCURÍ,San Vicente de Chucurí,Santander,BLOQUEADA
900,https://www.contratos.gov.co/consultas/detalleProceso.do?numConstancia=18-1-188370,BOYACÁ - ALCALDÍA MUNICIPIO DE TUNJA,Tunja,Boyacá,BLOQUEADA
901,https://www.contratos.gov.co/consultas/detalleProceso.do?numConstancia=19-4-9158215,ANTIOQUIA - EMPRESA DE DESARROLLO URBANO EDU - MEDELLIN,Medellín,Antioquia,BLOQUEADA
902,https://www.contratos.gov.co/consultas/detalleProceso.do?numConstancia=19-22-6613,INSTITUTO COLOMBIANO DE BIENESTAR FAMILIAR (ICBF),Bogotá D.C.,Bogotá D.C.,BLOQUEADA
909,https://www.contratos.gov.co/consultas/detalleProceso.do?numConstancia=20-21-18427,META - ALCALDÍA MUNICIPIO DE PUERTO LLERAS,Puerto Lleras,Meta,BLOQUEADA
912,https://www.contratos.gov.co/consultas/detalleProceso.do?numConstancia=18-1-186925,CAQUETÁ - ALCALDÍA MUNICIPIO DE LA MONTAÑITA,La Montañita,Caquetá,BLOQUEADA
919,https://www.contratos.gov.co/consultas/detalleProceso.do?numConstancia=19-21-13310,VAUPÉS - GOBERNACIÓN,Mitú,Vaupés,BLOQUEADA
920,https://www.contratos.gov.co/consultas/detalleProceso.do?numConstancia=18-21-7435,CASANARE - ALCALDÍA MUNICIPIO DE SABANALARGA,Sabanalarga,Casanare,BLOQUEADA
921,https://www.contratos.gov.co/consultas/detalleProceso.do?numConstancia=21-21-23617,SANTANDER - ALCALDÍA MUNICIPIO DE FLORIÁN,Florián,Santander,BLOQUEADA
929,https://www.contratos.gov.co/consultas/detalleProceso.do?numConstancia=20-21-19091,ANTIOQUIA - ALCALDÍA MUNICIPIO DE SANTA ROSA DE OSOS,Santa Rosa de Osos,Antioquia,BLOQUEADA
930,https://www.contratos.gov.co/consultas/detalleProceso.do?numConstancia=21-1-215255,CUNDINAMARCA - ALCALDÍA MUNICIPIO DE FACATATIVÁ,Facatativá,Cundinamarca,BLOQUEADA
931,https://www.contratos.gov.co/consultas/detalleProceso.do?numConstancia=20-21-18905,BOYACÁ - ALCALDÍA MUNICIPIO DE GARAGOA,Garagoa,Boyacá,BLOQUEADA
932,https://www.contratos.gov.co/consultas/detalleProceso.do?numConstancia=21-21-26531,VAUPÉS - ALCALDÍA MUNICIPIO DE CARURU,Caruru,Vaupés,BLOQUEADA
933,https://www.contratos.gov.co/consultas/detalleProceso.do?numConstancia=20-21-18252,ANTIOQUIA - ALCALDÍA MUNICIPIO DE APARTADÓ,Apartadó,Antioquia,BLOQUEADA
934,https://www.contratos.gov.co/consultas/detalleProceso.do?numConstancia=18-21-6812,NORTE DE SANTANDER - ALCALDÍA MUNICIPIO DE HERRÁN,Herrán,Norte De Santander,BLOQUEADA
949,https://www.contratos.gov.co/consultas/detalleProceso.do?numConstancia=21-21-22187,SANTANDER - ALCALDÍA MUNICIPIO DE SAN GIL,San Gil,Santander,BLOQUEADA
950,https://www.contratos.gov.co/consultas/detalleProceso.do?numConstancia=19-21-9933,BOYACÁ - ALCALDÍA MUNICIPIO DE NOBSA,Nobsa,Boyacá,BLOQUEADA
951,https://www.contratos.gov.co/consultas/detalleProceso.do?numConstancia=21-21-27163,SANTANDER - ALCALDÍA MUNICIPIO DE CHARALÁ,Charalá,Santander,BLOQUEADA
952,https://www.contratos.gov.co/consultas/detalleProceso.do?numConstancia=23-21-36898,SANTANDER - ALCALDÍA MUNICIPIO DE CAPITANEJO,Capitanejo,Santander,BLOQUEADA
957,https://www.contratos.gov.co/consultas/detalleProceso.do?numConstancia=18-21-667,CASANARE - ALCALDÍA MUNICIPIO DE MONTERREY,Monterrey,Casanare,BLOQUEADA
958,https://www.contratos.gov.co/consultas/detalleProceso.do?numConstancia=22-21-34006,SANTANDER - ALCALDÍA MUNICIPIO DE MOGOTES,Mogotes,Santander,BLOQUEADA
959,https://www.contratos.gov.co/consultas/detalleProceso.do?numConstancia=22-1-226916,LA GUAJIRA - ALCALDÍA MUNICIPIO DE SAN JUAN DEL CESAR,San Juan del Cesar,La Guajira,BLOQUEADA
960,https://www.contratos.gov.co/consultas/detalleProceso.do?numConstancia=19-22-6832,INSTITUTO COLOMBIANO DE BIENESTAR FAMILIAR (ICBF),Bogotá D.C.,Bogotá D.C.,BLOQUEADA
961,https://www.contratos.gov.co/consultas/detalleProceso.do?numConstancia=19-22-7365,INSTITUTO COLOMBIANO DE BIENESTAR FAMILIAR (ICBF),Bogotá D.C.,Bogotá D.C.,BLOQUEADA
962,https://www.contratos.gov.co/consultas/detalleProceso.do?numConstancia=21-4-12474713,VALLE DEL CAUCA - EMPRESAS PÚBLICAS MUNICIPALES DE CARTAGO,Cartago,Valle del Cauca,BLOQUEADA
963,https://www.contratos.gov.co/consultas/detalleProceso.do?numConstancia=22-21-33501,VALLE DEL CAUCA - ALCALDÍA MUNICIPIO DE ANSERMANUEVO,Ansermanuevo,Valle del Cauca,BLOQUEADA
964,https://www.contratos.gov.co/consultas/detalleProceso.do?numConstancia=19-22-4193,INSTITUTO COLOMBIANO DE BIENESTAR FAMILIAR (ICBF),Bogotá D.C.,Bogotá D.C.,BLOQUEADA
984,https://www.contratos.gov.co/consultas/detalleProceso.do?numConstancia=23-12-13837902,CASANARE - ALCALDÍA MUNICIPIO DE SABANALARGA,Sabanalarga,Casanare,BLOQUEADA
986,https://www.contratos.gov.co/consultas/detalleProceso.do?numConstancia=23-21-35977,SANTANDER - ALCALDÍA MUNICIPIO DE BETULIA,Betulia,Santander,BLOQUEADA
987,https://www.contratos.gov.co/consultas/detalleProceso.do?numConstancia=19-21-13381,VAUPÉS - GOBERNACIÓN,Mitú,Vaupés,BLOQUEADA
996,https://www.contratos.gov.co/consultas/detalleProceso.do?numConstancia=19-1-207005,BOYACÁ - ALCALDÍA MUNICIPIO DE NUEVO COLÓN,Nuevo Colón,Boyacá,BLOQUEADA
997,https://www.contratos.gov.co/consultas/detalleProceso.do?numConstancia=18-21-5172,TOLIMA - ALCALDÍA MUNICIPIO DE MELGAR,Melgar,Tolima,BLOQUEADA
1002,https://www.contratos.gov.co/consultas/detalleProceso.do?numConstancia=19-21-9748,GUAVIARE - GOBERNACIÓN,San José del Guaviare,Guaviare,BLOQUEADA
1003,https://www.contratos.gov.co/consultas/detalleProceso.do?numConstancia=21-1-215276,CUNDINAMARCA - ALCALDÍA MUNICIPIO DE BELTRÁN,Beltrán,Cundinamarca,BLOQUEADA
1004,https://www.contratos.gov.co/consultas/detalleProceso.do?numConstancia=18-4-8265170,CALDAS - EMPRESA DE OBRAS SANITARIAS DE CALDAS,Manizales,Caldas,BLOQUEADA
1005,https://www.contratos.gov.co/consultas/detalleProceso.do?numConstancia=18-4-8397613,INSTITUTO COLOMBIANO DE BIENESTAR FAMILIAR (ICBF),Bogotá D.C.,Bogotá D.C.,BLOQUEADA
1006,https://www.contratos.gov.co/consultas/detalleProceso.do?numConstancia=18-21-3381,CESAR - ALCALDÍA MUNICIPIO DE SAN MARTÍN,San Martín,Cesar,BLOQUEADA
1007,https://www.contratos.gov.co/consultas/detalleProceso.do?numConstancia=19-22-4197,INSTITUTO COLOMBIANO DE BIENESTAR FAMILIAR (ICBF),Bogotá D.C.,Bogotá D.C.,BLOQUEADA
1008,https://www.contratos.gov.co/consultas/detalleProceso.do?numConstancia=18-4-8395839,INSTITUTO COLOMBIANO DE BIENESTAR FAMILIAR (ICBF),Bogotá D.C.,Bogotá D.C.,BLOQUEADA
1009,https://www.contratos.gov.co/consultas/detalleProceso.do?numConstancia=19-21-8837,SANTANDER - ALCALDÍA MUNICIPIO DE BUCARAMANGA,Bucaramanga,Santander,BLOQUEADA
1016,https://www.contratos.gov.co/consultas/detalleProceso.do?numConstancia=19-22-4200,INSTITUTO COLOMBIANO DE BIENESTAR FAMILIAR (ICBF),Bogotá D.C.,Bogotá D.C.,BLOQUEADA
1021,https://www.contratos.gov.co/consultas/detalleProceso.do?numConstancia=21-4-12200888,ANTIOQUIA - AGUAS REGIONALES EPM S.A. E.S.P. - APARTADÓ,Apartadó,Antioquia,BLOQUEADA
1022,https://www.contratos.gov.co/consultas/detalleProceso.do?numConstancia=21-1-215559,META - ALCALDÍA MUNICIPIO DE ACACIAS,Acacías,Meta,BLOQUEADA
1024,https://www.contratos.gov.co/consultas/detalleProceso.do?numConstancia=18-4-8396058,INSTITUTO COLOMBIANO DE BIENESTAR FAMILIAR (ICBF),Bogotá D.C.,Bogotá D.C.,BLOQUEADA
1025,https://www.contratos.gov.co/consultas/detalleProceso.do?numConstancia=21-21-27101,CUNDINAMARCA - ALCALDÍA MUNICIPIO DE VILLAPINZÓN,Villapinzón,Cundinamarca,BLOQUEADA
1028,https://www.contratos.gov.co/consultas/detalleProceso.do?numConstancia=21-21-25867,BOYACÁ - ALCALDÍA MUNICIPIO DE SAMACÁ,Samacá,Boyacá,BLOQUEADA
1029,https://www.contratos.gov.co/consultas/detalleProceso.do?numConstancia=19-1-205979,SANTANDER - ALCALDÍA MUNICIPIO DE CHARALÁ,Charalá,Santander,BLOQUEADA
1037,https://www.contratos.gov.co/consultas/detalleProceso.do?numConstancia=21-12-12340405,ANTIOQUIA - EMPRESA PARA LA COMPETITIVIDAD TERRITORIAL DEL MUNICIPIO DE GIRARDOTA - GIRACOM,Girardota,Antioquia,BLOQUEADA
1038,https://www.contratos.gov.co/consultas/detalleProceso.do?numConstancia=18-21-2555,CDMB - CORPORACIÓN AUTÓNOMA REGIONAL PARA LA DEFENSA DE LA MESETA DE BUCARAMANGA,Bucaramanga,Santander,BLOQUEADA
1043,https://www.contratos.gov.co/consultas/detalleProceso.do?numConstancia=18-1-187702,SANTANDER - ALCALDÍA MUNICIPIO DE ALBANIA,Albania,Santander,BLOQUEADA
1044,https://www.contratos.gov.co/consultas/detalleProceso.do?numConstancia=19-22-10071,INSTITUTO COLOMBIANO DE BIENESTAR FAMILIAR (ICBF),Bogotá D.C.,Bogotá D.C.,BLOQUEADA
1045,https://www.contratos.gov.co/consultas/detalleProceso.do?numConstancia=18-21-1621,CUNDINAMARCA - ALCALDÍA MUNICIPIO DE ANAPOIMA,Anapoima,Cundinamarca,BLOQUEADA
1046,https://www.contratos.gov.co/consultas/detalleProceso.do?numConstancia=21-4-11700347,NORTE DE SANTANDER - EIS CÚCUTA S.A. E.S.P. - EMPRESA DE ACUEDUCTO Y ALCANTARILLADO DE CÚCUTA,San José de Cúcuta,Norte De Santander,BLOQUEADA
1047,https://www.contratos.gov.co/consultas/detalleProceso.do?numConstancia=18-4-8388702,INSTITUTO COLOMBIANO DE BIENESTAR FAMILIAR (ICBF),Bogotá D.C.,Bogotá D.C.,BLOQUEADA
1049,https://www.contratos.gov.co/consultas/detalleProceso.do?numConstancia=20-4-10696427,VALLE DEL CAUCA - FUNDACIÓN UNIVERSIDAD DEL VALLE,Cali,Valle del Cauca,BLOQUEADA
1050,https://www.contratos.gov.co/consultas/detalleProceso.do?numConstancia=21-12-12150375,ANTIOQUIA - ALCALDÍA MUNICIPIO DE DABEIBA,Dabeiba,Antioquia,BLOQUEADA
1057,https://www.contratos.gov.co/consultas/detalleProceso.do?numConstancia=21-21-23718,RISARALDA - ALCALDÍA MUNICIPIO DE QUINCHIA,Quinchía,Risaralda,BLOQUEADA
1058,https://www.contratos.gov.co/consultas/detalleProceso.do?numConstancia=20-21-18382,ANTIOQUIA - ALCALDÍA MUNICIPIO DE TURBO,Turbo,Antioquia,BLOQUEADA
1059,https://www.contratos.gov.co/consultas/detalleProceso.do?numConstancia=21-4-12311741,SANTANDER - E.S.P. AGUAS DE BARRANCABERMEJA S.A. - BARRANCABERMEJA,Barrancabermeja,Santander,BLOQUEADA
1060,https://www.contratos.gov.co/consultas/detalleProceso.do?numConstancia=19-1-198781,SANTANDER - ALCALDÍA MUNICIPIO DE GIRÓN,Girón,Santander,BLOQUEADA
1061,https://www.contratos.gov.co/consultas/detalleProceso.do?numConstancia=19-21-11075,CASANARE - ALCALDÍA MUNICIPIO DE AGUAZUL,Aguazul,Casanare,BLOQUEADA
1074,https://www.contratos.gov.co/consultas/detalleProceso.do?numConstancia=21-21-22785,VICHADA - ALCALDÍA MUNICIPIO DE CUMARIBO,Cumaribo,Vichada,BLOQUEADA
1075,https://www.contratos.gov.co/consultas/detalleProceso.do?numConstancia=19-22-4354,INSTITUTO COLOMBIANO DE BIENESTAR FAMILIAR (ICBF),Bogotá D.C.,Bogotá D.C.,BLOQUEADA
1076,https://www.contratos.gov.co/consultas/detalleProceso.do?numConstancia=20-12-11018851,PUTUMAYO - ALCALDÍA MUNICIPIO DE ORITO,Orito,Putumayo,BLOQUEADA
1080,https://www.contratos.gov.co/consultas/detalleProceso.do?numConstancia=21-4-12088536,ELECTRIFICADORA DEL HUILA S.A. E.S.P.,Neiva,Huila,BLOQUEADA
1081,https://www.contratos.gov.co/consultas/detalleProceso.do?numConstancia=19-11-9859738,CAR - CORPORACIÓN AUTÓNOMA REGIONAL DE CUNDINAMARCA,Bogotá D.C.,Bogotá D.C.,BLOQUEADA
1082,https://www.contratos.gov.co/consultas/detalleProceso.do?numConstancia=19-4-9890521,CALDAS - EMPRESA DE OBRAS SANITARIAS DE CALDAS,Manizales,Caldas,BLOQUEADA
1083,https://www.contratos.gov.co/consultas/detalleProceso.do?numConstancia=21-21-28800,CUNDINAMARCA - ALCALDÍA MUNICIPIO DE ANAPOIMA,Anapoima,Cundinamarca,BLOQUEADA
1092,https://www.contratos.gov.co/consultas/detalleProceso.do?numConstancia=20-21-20443,BOYACÁ - ALCALDÍA MUNICIPIO DE OTANCHE,Otanche,Boyacá,BLOQUEADA
1093,https://www.contratos.gov.co/consultas/detalleProceso.do?numConstancia=21-21-25282,CASANARE - ALCALDÍA MUNICIPIO DE NUNCHIA,Nunchía,Casanare,BLOQUEADA
1094,https://www.contratos.gov.co/consultas/detalleProceso.do?numConstancia=19-21-14919,CUNDINAMARCA - ALCALDÍA MUNICIPIO DE CHÍA,Chía,Cundinamarca,BLOQUEADA
1095,https://www.contratos.gov.co/consultas/detalleProceso.do?numConstancia=18-1-196709,BOYACÁ - ALCALDÍA MUNICIPIO DE SUTAMARCHÁN,Sutamarchán,Boyacá,BLOQUEADA
1100,https://www.contratos.gov.co/consultas/detalleProceso.do?numConstancia=18-21-6645,CASANARE - ALCALDÍA MUNICIPIO DE MONTERREY,Monterrey,Casanare,BLOQUEADA
1101,https://www.contratos.gov.co/consultas/detalleProceso.do?numConstancia=21-12-12279006,ANTIOQUIA - ALCALDÍA MUNICIPIO DE DABEIBA,Dabeiba,Antioquia,BLOQUEADA
1106,https://www.contratos.gov.co/consultas/detalleProceso.do?numConstancia=19-21-11072,BOYACÁ - ALCALDÍA MUNICIPIO DE BUENAVISTA,Buenavista,Boyacá,BLOQUEADA
1111,https://www.contratos.gov.co/consultas/detalleProceso.do?numConstancia=19-21-11752,BOYACÁ - ALCALDÍA MUNICIPIO DE CUCAITA,Cucaita,Boyacá,BLOQUEADA
1112,https://www.contratos.gov.co/consultas/detalleProceso.do?numConstancia=21-21-21788,SANTANDER - EMPRESA DE SERVICIOS PÚBLICOS DE SANTANDER S.A. E.S.P. - BUCARAMANGA,Bucaramanga,Santander,BLOQUEADA
1117,https://www.contratos.gov.co/consultas/detalleProceso.do?numConstancia=18-4-8388747,INSTITUTO COLOMBIANO DE BIENESTAR FAMILIAR (ICBF),Bogotá D.C.,Bogotá D.C.,BLOQUEADA
1118,https://www.contratos.gov.co/consultas/detalleProceso.do?numConstancia=19-21-16124,BOYACÁ - ALCALDÍA MUNICIPIO DE SOATA,Soatá,Boyacá,BLOQUEADA
1119,https://www.contratos.gov.co/consultas/detalleProceso.do?numConstancia=18-1-197316,CUNDINAMARCA - ALCALDÍA MUNICIPIO DE ANAPOIMA,Anapoima,Cundinamarca,BLOQUEADA
1121,https://www.contratos.gov.co/consultas/detalleProceso.do?numConstancia=18-1-189403,SANTANDER - ALCALDÍA MUNICIPIO DE PIEDECUESTA,Piedecuesta,Santander,BLOQUEADA
1122,https://www.contratos.gov.co/consultas/detalleProceso.do?numConstancia=18-4-8298871,CALDAS - EMPRESA DE OBRAS SANITARIAS DE CALDAS,Manizales,Caldas,BLOQUEADA
1127,https://www.contratos.gov.co/consultas/detalleProceso.do?numConstancia=22-21-31270,RISARALDA - ALCALDÍA MUNICIPIO DE MISTRATÓ,Mistrató,Risaralda,BLOQUEADA
1129,https://www.contratos.gov.co/consultas/detalleProceso.do?numConstancia=23-1-227599,NARIÑO - ALCALDÍA MUNICIPIO DE FUNES,Funes,Nariño,BLOQUEADA
1130,https://www.contratos.gov.co/consultas/detalleProceso.do?numConstancia=21-21-24042,NARIÑO - ALCALDÍA MUNICIPIO DE ARBOLEDA (BERRUECOS),Arboleda,Nariño,BLOQUEADA
1131,https://www.contratos.gov.co/consultas/detalleProceso.do?numConstancia=20-21-19840,NARIÑO - ALCALDÍA MUNICIPIO DE FUNES,Funes,Nariño,BLOQUEADA
1132,https://www.contratos.gov.co/consultas/detalleProceso.do?numConstancia=19-22-4540,INSTITUTO COLOMBIANO DE BIENESTAR FAMILIAR (ICBF),Bogotá D.C.,Bogotá D.C.,BLOQUEADA
1133,https://www.contratos.gov.co/consultas/detalleProceso.do?numConstancia=19-11-9466192,SANTANDER - GOBERNACIÓN,Bucaramanga,Santander,BLOQUEADA
1134,https://www.contratos.gov.co/consultas/detalleProceso.do?numConstancia=18-1-195630,BOYACÁ - ALCALDÍA MUNICIPIO DE TUNJA,Tunja,Boyacá,BLOQUEADA
1135,https://www.contratos.gov.co/consultas/detalleProceso.do?numConstancia=18-21-7588,NORTE DE SANTANDER - ALCALDÍA MUNICIPIO DE TIBÚ,Tibú,Norte De Santander,BLOQUEADA
1136,https://www.contratos.gov.co/consultas/detalleProceso.do?numConstancia=19-22-6334,INSTITUTO COLOMBIANO DE BIENESTAR FAMILIAR (ICBF),Bogotá D.C.,Bogotá D.C.,BLOQUEADA
1137,https://www.contratos.gov.co/consultas/detalleProceso.do?numConstancia=19-22-6615,INSTITUTO COLOMBIANO DE BIENESTAR FAMILIAR (ICBF),Bogotá D.C.,Bogotá D.C.,BLOQUEADA
1146,https://www.contratos.gov.co/consultas/detalleProceso.do?numConstancia=21-21-28280,BOYACÁ - ALCALDÍA MUNICIPIO DE COMBITA,Cómbita,Boyacá,BLOQUEADA
1147,https://www.contratos.gov.co/consultas/detalleProceso.do?numConstancia=21-4-11894801,ANTIOQUIA - EMPRESA DE DESARROLLO SOSTENIBLE DEL ORIENTE EDESO - RIONEGRO,Rionegro,Antioquia,BLOQUEADA
1152,https://www.contratos.gov.co/consultas/detalleProceso.do?numConstancia=20-21-20910,NORTE DE SANTANDER - ALCALDÍA MUNICIPIO DE TIBÚ,Tibú,Norte De Santander,BLOQUEADA
1153,https://www.contratos.gov.co/consultas/detalleProceso.do?numConstancia=22-21-34778,CUNDINAMARCA - ALCALDÍA MUNICIPIO DE SAN BERNARDO,San Bernardo,Cundinamarca,BLOQUEADA
1154,https://www.contratos.gov.co/consultas/detalleProceso.do?numConstancia=22-21-31911,VALLE DEL CAUCA - ALCALDÍA MUNICIPIO DE TRUJILLO,Trujillo,Valle del Cauca,BLOQUEADA
1155,https://www.contratos.gov.co/consultas/detalleProceso.do?numConstancia=19-1-197866,CESAR - ALCALDÍA MUNICIPIO DE PUEBLO BELLO,Pueblo Bello,Cesar,BLOQUEADA
1160,https://www.contratos.gov.co/consultas/detalleProceso.do?numConstancia=20-1-213029,SANTANDER - ALCALDÍA MUNICIPIO DE LOS SANTOS,Los Santos,Santander,BLOQUEADA
1161,https://www.contratos.gov.co/consultas/detalleProceso.do?numConstancia=19-12-9412344,CORPORACIÓN NASA KIWE (NASA KIWE),Popayán,Cauca,BLOQUEADA
1170,https://www.contratos.gov.co/consultas/detalleProceso.do?numConstancia=18-1-185894,BOYACÁ - ALCALDÍA MUNICIPIO DE PAIPA,Paipa,Boyacá,BLOQUEADA
1171,https://www.contratos.gov.co/consultas/detalleProceso.do?numConstancia=19-1-200470,SANTANDER - ALCALDÍA MUNICIPIO DE PUENTE NACIONAL,Puente Nacional,Santander,BLOQUEADA
1172,https://www.contratos.gov.co/consultas/detalleProceso.do?numConstancia=19-1-202789,SANTANDER - ALCALDÍA MUNICIPIO DE PÁRAMO,Páramo,Santander,BLOQUEADA
1173,https://www.contratos.gov.co/consultas/detalleProceso.do?numConstancia=18-21-7665,SANTANDER - ALCALDÍA MUNICIPIO DE SOCORRO,Socorro,Santander,BLOQUEADA
1186,https://www.contratos.gov.co/consultas/detalleProceso.do?numConstancia=21-21-21024,CUNDINAMARCA - ALCALDÍA MUNICIPIO DE PAIME,Paime,Cundinamarca,BLOQUEADA
1187,https://www.contratos.gov.co/consultas/detalleProceso.do?numConstancia=18-1-192590,HUILA - ALCALDÍA MUNICIPIO DE PITALITO,Pitalito,Huila,BLOQUEADA
1188,https://www.contratos.gov.co/consultas/detalleProceso.do?numConstancia=19-11-9854570,VALLE DEL CAUCA - ALCALDÍA MUNICIPIO DE CALI,Cali,Valle del Cauca,BLOQUEADA
1191,https://www.contratos.gov.co/consultas/detalleProceso.do?numConstancia=21-4-12162833,TOLIMA - EMPRESA IBAGUEREÑA DE ACUEDUCTO Y ALCANTARILLADO IBAL S.A. E.S.P.,Ibagué,Tolima,BLOQUEADA
1192,https://www.contratos.gov.co/consultas/detalleProceso.do?numConstancia=21-21-26705,CAUCA - ALCALDÍA MUNICIPIO DE TOTORO,Totoró,Cauca,BLOQUEADA
1193,https://www.contratos.gov.co/consultas/detalleProceso.do?numConstancia=21-21-24492,NORTE DE SANTANDER - ALCALDÍA MUNICIPIO DE ABREGO,Abrego,Norte De Santander,BLOQUEADA
1194,https://www.contratos.gov.co/consultas/detalleProceso.do?numConstancia=18-4-8388881,INSTITUTO COLOMBIANO DE BIENESTAR FAMILIAR (ICBF),Bogotá D.C.,Bogotá D.C.,BLOQUEADA
1195,https://www.contratos.gov.co/consultas/detalleProceso.do?numConstancia=21-21-25798,SANTANDER - ALCALDÍA MUNICIPIO DE GUAPOTA,Guapotá,Santander,BLOQUEADA
1196,https://www.contratos.gov.co/consultas/detalleProceso.do?numConstancia=21-21-25538,CASANARE - ALCALDÍA MUNICIPIO DE AGUAZUL,Aguazul,Casanare,BLOQUEADA
1197,https://www.contratos.gov.co/consultas/detalleProceso.do?numConstancia=18-21-6327,CVC - CORPORACIÓN AUTÓNOMA REGIONAL DEL VALLE DEL CAUCA,Cali,Valle del Cauca,BLOQUEADA
1198,https://www.contratos.gov.co/consultas/detalleProceso.do?numConstancia=19-22-3550,INSTITUTO COLOMBIANO DE BIENESTAR FAMILIAR (ICBF),Bogotá D.C.,Bogotá D.C.,BLOQUEADA
1199,https://www.contratos.gov.co/consultas/detalleProceso.do?numConstancia=19-22-6455,INSTITUTO COLOMBIANO DE BIENESTAR FAMILIAR (ICBF),Bogotá D.C.,Bogotá D.C.,BLOQUEADA
1210,https://www.contratos.gov.co/consultas/detalleProceso.do?numConstancia=18-21-6369,CASANARE - ALCALDÍA MUNICIPIO DE AGUAZUL,Aguazul,Casanare,BLOQUEADA
1211,https://www.contratos.gov.co/consultas/detalleProceso.do?numConstancia=19-22-11210,INSTITUTO COLOMBIANO DE BIENESTAR FAMILIAR (ICBF),Bogotá D.C.,Bogotá D.C.,BLOQUEADA
1212,https://www.contratos.gov.co/consultas/detalleProceso.do?numConstancia=18-4-8142329,QUINDÍO - UNIVERSIDAD DEL QUINDÍO,Armenia,Quindío,BLOQUEADA
1213,https://www.contratos.gov.co/consultas/detalleProceso.do?numConstancia=21-21-28041,SANTANDER - ALCALDÍA MUNICIPIO DE GUAPOTA,Guapotá,Santander,BLOQUEADA
1214,https://www.contratos.gov.co/consultas/detalleProceso.do?numConstancia=21-22-28456,CALDAS - ALCALDÍA MUNICIPIO DE SUPIA,Supía,Caldas,BLOQUEADA
1215,https://www.contratos.gov.co/consultas/detalleProceso.do?numConstancia=19-11-9267850,ANTIOQUIA - DISTRITO ESPECIAL DE CIENCIA; TECNOLOGICA E INNOVACION DE MEDELLIN,Medellín,Antioquia,BLOQUEADA
1216,https://www.contratos.gov.co/consultas/detalleProceso.do?numConstancia=23-12-13702537,NORTE DE SANTANDER - ALCALDÍA MUNICIPIO DE TOLEDO,Toledo,Norte De Santander,BLOQUEADA
1217,https://www.contratos.gov.co/consultas/detalleProceso.do?numConstancia=21-21-26076,CUNDINAMARCA - ALCALDÍA MUNICIPIO DE LA MESA,La Mesa,Cundinamarca,BLOQUEADA
1227,https://www.contratos.gov.co/consultas/detalleProceso.do?numConstancia=18-21-6732,BOYACÁ - ALCALDÍA MUNICIPIO DE NOBSA,Nobsa,Boyacá,BLOQUEADA
1230,https://www.contratos.gov.co/consultas/detalleProceso.do?numConstancia=21-21-22926,BOYACÁ - ALCALDÍA MUNICIPIO DE TIBANÁ,Tibaná,Boyacá,BLOQUEADA
1231,https://www.contratos.gov.co/consultas/detalleProceso.do?numConstancia=19-11-9549393,NORTE DE SANTANDER - GOBERNACIÓN,San José de Cúcuta,Norte De Santander,BLOQUEADA
1242,https://www.contratos.gov.co/consultas/detalleProceso.do?numConstancia=19-1-198247,SANTANDER - ALCALDÍA MUNICIPIO DE SAN JOAQUÍN,San Joaquín,Santander,BLOQUEADA
1248,https://www.contratos.gov.co/consultas/detalleProceso.do?numConstancia=21-21-25504,VAUPÉS - ALCALDÍA MUNICIPIO DE TARAIRA,Taraira,Vaupés,BLOQUEADA
1249,https://www.contratos.gov.co/consultas/detalleProceso.do?numConstancia=20-21-20775,BOYACÁ - ALCALDÍA MUNICIPIO DE GÁMEZA,Gameza,Boyacá,BLOQUEADA
1250,https://www.contratos.gov.co/consultas/detalleProceso.do?numConstancia=19-1-200244,CUNDINAMARCA - ALCALDÍA MUNICIPIO DE VILLETA,Villeta,Cundinamarca,BLOQUEADA
1251,https://www.contratos.gov.co/consultas/detalleProceso.do?numConstancia=19-11-9852643,VALLE DEL CAUCA - ALCALDÍA MUNICIPIO DE CALI,Cali,Valle del Cauca,BLOQUEADA
1252,https://www.contratos.gov.co/consultas/detalleProceso.do?numConstancia=20-12-10643208,ANTIOQUIA - ALCALDÍA MUNICIPIO DE SABANETA,Sabaneta,Antioquia,BLOQUEADA
1253,https://www.contratos.gov.co/consultas/detalleProceso.do?numConstancia=22-12-13432617,SANTANDER - ALCALDÍA MUNICIPIO DE EL CARMEN DE CHUCURÍ,El Carmen de Chucurí,Santander,BLOQUEADA
1254,https://www.contratos.gov.co/consultas/detalleProceso.do?numConstancia=22-21-32160,BOYACÁ - ALCALDÍA MUNICIPIO DE MUZO,Muzo,Boyacá,BLOQUEADA
1255,https://www.contratos.gov.co/consultas/detalleProceso.do?numConstancia=18-12-8630037,ANTIOQUIA - EMPRESAS PÚBLICAS MUNICIPALES DE SOPETRÁN,Sopetrán,Antioquia,BLOQUEADA
1256,https://www.contratos.gov.co/consultas/detalleProceso.do?numConstancia=18-1-185917,ANTIOQUIA - ALCALDÍA MUNICIPIO DE CIUDAD BOLÍVAR,Ciudad Bolívar,Antioquia,BLOQUEADA
1261,https://www.contratos.gov.co/consultas/detalleProceso.do?numConstancia=19-11-9737252,HUILA - GOBERNACIÓN,Neiva,Huila,BLOQUEADA
1270,https://www.contratos.gov.co/consultas/detalleProceso.do?numConstancia=19-4-9254181,ANTIOQUIA - TERMINALES DE TRANSPORTE DE MEDELLÍN S.A.,Medellín,Antioquia,BLOQUEADA
1271,https://www.contratos.gov.co/consultas/detalleProceso.do?numConstancia=20-21-19584,BOYACÁ - ALCALDÍA MUNICIPIO DE SAMACÁ,Samacá,Boyacá,BLOQUEADA
1272,https://www.contratos.gov.co/consultas/detalleProceso.do?numConstancia=21-21-22438,CUNDINAMARCA - ALCALDÍA MUNICIPIO DE ANAPOIMA,Anapoima,Cundinamarca,BLOQUEADA
1273,https://www.contratos.gov.co/consultas/detalleProceso.do?numConstancia=21-21-22012,CUNDINAMARCA - ALCALDÍA MUNICIPIO DE SOPÓ,Sopó,Cundinamarca,BLOQUEADA
1282,https://www.contratos.gov.co/consultas/detalleProceso.do?numConstancia=18-11-8049021,HUILA - ALCALDÍA MUNICIPIO DE PITALITO,Pitalito,Huila,BLOQUEADA
1287,https://www.contratos.gov.co/consultas/detalleProceso.do?numConstancia=18-1-185737,ANTIOQUIA - ALCALDÍA MUNICIPIO DE ANZA,Anza,Antioquia,BLOQUEADA
1288,https://www.contratos.gov.co/consultas/detalleProceso.do?numConstancia=21-21-26443,HUILA - ALCALDÍA MUNICIPIO DE SAN AGUSTÍN,San Agustín,Huila,BLOQUEADA
1296,https://www.contratos.gov.co/consultas/detalleProceso.do?numConstancia=22-21-34870,CUNDINAMARCA - ALCALDÍA MUNICIPIO DE GACHETÁ,Gachetá,Cundinamarca,BLOQUEADA
1297,https://www.contratos.gov.co/consultas/detalleProceso.do?numConstancia=20-21-18311,SANTANDER - ALCALDÍA MUNICIPIO DE PUENTE NACIONAL,Puente Nacional,Santander,BLOQUEADA
1298,https://www.contratos.gov.co/consultas/detalleProceso.do?numConstancia=20-4-11415926,SANTANDER - EMPRESA DE SERVICIOS PÚBLICOS DOMICILIARIOS GIRÓN S.A.S. E.S.P.,Girón,Santander,BLOQUEADA
1299,https://www.contratos.gov.co/consultas/detalleProceso.do?numConstancia=22-12-13009240,NORTE DE SANTANDER - ALCALDÍA MUNICIPIO DE TOLEDO,Toledo,Norte De Santander,BLOQUEADA
1300,https://www.contratos.gov.co/consultas/detalleProceso.do?numConstancia=21-4-12431389,NORTE DE SANTANDER - UNIVERSIDAD DE PAMPLONA,San José de Cúcuta,Norte De Santander,BLOQUEADA
1305,https://www.contratos.gov.co/consultas/detalleProceso.do?numConstancia=21-12-11508182,INSTITUTO NACIONAL DE VÍAS (INVIAS),Bogotá D.C.,Bogotá D.C.,BLOQUEADA
1310,https://www.contratos.gov.co/consultas/detalleProceso.do?numConstancia=23-21-37009,BOYACÁ - ALCALDÍA MUNICIPIO DE GARAGOA,Garagoa,Boyacá,BLOQUEADA
1311,https://www.contratos.gov.co/consultas/detalleProceso.do?numConstancia=19-22-4565,INSTITUTO COLOMBIANO DE BIENESTAR FAMILIAR (ICBF),Bogotá D.C.,Bogotá D.C.,BLOQUEADA
1312,https://www.contratos.gov.co/consultas/detalleProceso.do?numConstancia=18-1-188550,CASANARE - ALCALDÍA MUNICIPIO DE VILLANUEVA,Villanueva,Casanare,BLOQUEADA
1313,https://www.contratos.gov.co/consultas/detalleProceso.do?numConstancia=19-21-11842,BOYACÁ - ALCALDÍA MUNICIPIO DE SUTAMARCHÁN,Sutamarchán,Boyacá,BLOQUEADA
1314,https://www.contratos.gov.co/consultas/detalleProceso.do?numConstancia=21-1-221229,CUNDINAMARCA - ALCALDÍA MUNICIPIO DE CAPARRAPÍ,Caparrapí,Cundinamarca,BLOQUEADA
1328,https://www.contratos.gov.co/consultas/detalleProceso.do?numConstancia=21-1-217954,CUNDINAMARCA - ALCALDÍA MUNICIPIO DE CACHIPAY,Cachipay,Cundinamarca,BLOQUEADA
1329,https://www.contratos.gov.co/consultas/detalleProceso.do?numConstancia=19-21-12337,CUNDINAMARCA - ALCALDÍA MUNICIPIO DE UNE,Une,Cundinamarca,BLOQUEADA
1330,https://www.contratos.gov.co/consultas/detalleProceso.do?numConstancia=18-4-7583530,VALLE DEL CAUCA - EMPRESAS MUNICIPALES DE TULÚA,Tuluá,Valle del Cauca,BLOQUEADA
1331,https://www.contratos.gov.co/consultas/detalleProceso.do?numConstancia=19-22-6606,INSTITUTO COLOMBIANO DE BIENESTAR FAMILIAR (ICBF),Bogotá D.C.,Bogotá D.C.,BLOQUEADA
1332,https://www.contratos.gov.co/consultas/detalleProceso.do?numConstancia=20-21-20177,VICHADA - ALCALDÍA MUNICIPIO DE CUMARIBO,Cumaribo,Vichada,BLOQUEADA
1333,https://www.contratos.gov.co/consultas/detalleProceso.do?numConstancia=20-4-11025286,CUNDINAMARCA - EMPRESA DE SERVICIOS PÚBLICOS DE FUSAGASUGÁ,Fusagasugá,Cundinamarca,BLOQUEADA
1334,https://www.contratos.gov.co/consultas/detalleProceso.do?numConstancia=19-1-204180,NORTE DE SANTANDER - ALCALDÍA MUNICIPIO DE VILLACARO,Villa Caro,Norte De Santander,BLOQUEADA
1335,https://www.contratos.gov.co/consultas/detalleProceso.do?numConstancia=23-21-36058,VAUPÉS - ALCALDÍA MUNICIPIO DE MITÚ,Mitú,Vaupés,BLOQUEADA
1336,https://www.contratos.gov.co/consultas/detalleProceso.do?numConstancia=20-1-212177,CUNDINAMARCA - ALCALDÍA MUNICIPIO DE TENA,Tena,Cundinamarca,BLOQUEADA
1343,https://www.contratos.gov.co/consultas/detalleProceso.do?numConstancia=18-21-3715,CAUCA - ALCALDÍA MUNICIPIO DE SAN SEBASTIÁN,San Sebastián,Cauca,BLOQUEADA
1344,https://www.contratos.gov.co/consultas/detalleProceso.do?numConstancia=18-21-4491,BOYACÁ - ALCALDÍA MUNICIPIO DE SANTANA,Santana,Boyacá,BLOQUEADA
1354,https://www.contratos.gov.co/consultas/detalleProceso.do?numConstancia=19-22-6598,INSTITUTO COLOMBIANO DE BIENESTAR FAMILIAR (ICBF),Bogotá D.C.,Bogotá D.C.,BLOQUEADA
1356,https://www.contratos.gov.co/consultas/detalleProceso.do?numConstancia=20-12-10478036,SANTANDER - ALCALDÍA MUNICIPIO DE CABRERA,Cabrera,Santander,BLOQUEADA
1357,https://www.contratos.gov.co/consultas/detalleProceso.do?numConstancia=20-21-18688,ANTIOQUIA - ALCALDÍA MUNICIPIO DE TURBO,Turbo,Antioquia,BLOQUEADA
1358,https://www.contratos.gov.co/consultas/detalleProceso.do?numConstancia=22-4-13013726,NORTE DE SANTANDER - EIS CÚCUTA S.A. E.S.P. - EMPRESA DE ACUEDUCTO Y ALCANTARILLADO DE CÚCUTA,San José de Cúcuta,Norte De Santander,BLOQUEADA
1363,https://www.contratos.gov.co/consultas/detalleProceso.do?numConstancia=22-12-13434111,NORTE DE SANTANDER - ALCALDÍA MUNICIPIO DE TIBÚ,Tibú,Norte De Santander,BLOQUEADA
1364,https://www.contratos.gov.co/consultas/detalleProceso.do?numConstancia=19-1-198496,ANTIOQUIA - ALCALDÍA MUNICIPIO DE LA CEJA,La Ceja,Antioquia,BLOQUEADA
1365,https://www.contratos.gov.co/consultas/detalleProceso.do?numConstancia=21-4-12632433,ANTIOQUIA - EMPRESA DE SERVICIOS PÚBLICOS DOMICILIARIOS DEL CARMEN DE VIBORAL,El Carmen de Viboral,Antioquia,BLOQUEADA
1366,https://www.contratos.gov.co/consultas/detalleProceso.do?numConstancia=19-4-9390789,ANTIOQUIA - EMPRESA DE SERVICIOS PÚBLICOS DE SAN JOSÉ DE LA MARINILLA E.S.P.,Marinilla,Antioquia,BLOQUEADA
1367,https://www.contratos.gov.co/consultas/detalleProceso.do?numConstancia=21-21-29148,SANTANDER - ALCALDÍA MUNICIPIO DE CHARALÁ,Charalá,Santander,BLOQUEADA
1368,https://www.contratos.gov.co/consultas/detalleProceso.do?numConstancia=18-11-8311712,RISARALDA - ALCALDÍA MUNICIPIO DE PEREIRA,Pereira,Risaralda,BLOQUEADA
1373,https://www.contratos.gov.co/consultas/detalleProceso.do?numConstancia=22-21-32847,BOYACÁ - ALCALDÍA MUNICIPIO DE SANTANA,Santana,Boyacá,BLOQUEADA
1374,https://www.contratos.gov.co/consultas/detalleProceso.do?numConstancia=19-11-9863909,BOYACÁ - GOBERNACIÓN,Tunja,Boyacá,BLOQUEADA
1375,https://www.contratos.gov.co/consultas/detalleProceso.do?numConstancia=19-1-200248,SANTANDER - ALCALDÍA MUNICIPIO DE ENCISO,Enciso,Santander,BLOQUEADA
1380,https://www.contratos.gov.co/consultas/detalleProceso.do?numConstancia=18-11-8378310,BOLÍVAR - ALCALDÍA DEL DISTRITO TURÍSTICO Y CULTURAL DE CARTAGENA DE INDIAS,Cartagena,Bolívar,BLOQUEADA
1381,https://www.contratos.gov.co/consultas/detalleProceso.do?numConstancia=19-12-9623637,CORPOCALDAS - CORPORACIÓN AUTÓNOMA REGIONAL DE CALDAS,Manizales,Caldas,BLOQUEADA
1382,https://www.contratos.gov.co/consultas/detalleProceso.do?numConstancia=22-21-31542,BOYACÁ - ALCALDÍA MUNICIPIO DE SÁCHICA,Sáchica,Boyacá,BLOQUEADA
1383,https://www.contratos.gov.co/consultas/detalleProceso.do?numConstancia=18-4-8090351,VALLE DEL CAUCA - EMPRESAS MUNICIPALES DE TULÚA,Tuluá,Valle del Cauca,BLOQUEADA
1384,https://www.contratos.gov.co/consultas/detalleProceso.do?numConstancia=19-21-12538,CAUCA - ALCALDÍA MUNICIPIO DE PÁEZ,Paez/Belalcazar,Cauca,BLOQUEADA
1385,https://www.contratos.gov.co/consultas/detalleProceso.do?numConstancia=21-22-30747,INSTITUTO NACIONAL DE CANCEROLOGÍA,Bogotá D.C.,Bogotá D.C.,BLOQUEADA
1392,https://www.contratos.gov.co/consultas/detalleProceso.do?numConstancia=23-21-37990,SANTANDER - ALCALDÍA MUNICIPIO DE OCAMONTE,Ocamonte,Santander,BLOQUEADA
1407,https://www.contratos.gov.co/consultas/detalleProceso.do?numConstancia=22-4-13392472,NORTE DE SANTANDER - EMPRESAS PÚBLICAS MUNICIPALES DE CHINACOTA E.S.P. - EMCHINAC E.S.P.,Chinácota,Norte De Santander,BLOQUEADA
1408,https://www.contratos.gov.co/consultas/detalleProceso.do?numConstancia=19-21-15489,CALDAS - ALCALDÍA MUNICIPIO DE RIOSUCIO,Riosucio,Caldas,BLOQUEADA
1409,https://www.contratos.gov.co/consultas/detalleProceso.do?numConstancia=18-21-7361,SANTANDER - ALCALDÍA MUNICIPIO DE CONFINES,Confines,Santander,BLOQUEADA
1410,https://www.contratos.gov.co/consultas/detalleProceso.do?numConstancia=21-1-218829,CUNDINAMARCA - ALCALDÍA MUNICIPIO DE GAMA,Gama,Cundinamarca,BLOQUEADA
1415,https://www.contratos.gov.co/consultas/detalleProceso.do?numConstancia=18-21-5101,CUNDINAMARCA - ALCALDÍA MUNICIPIO DE TOCANCIPÁ,Tocancipá,Cundinamarca,BLOQUEADA
1420,https://www.contratos.gov.co/consultas/detalleProceso.do?numConstancia=18-21-2553,ANTIOQUIA - ALCALDÍA MUNICIPIO DE YARUMAL,Yarumal,Antioquia,BLOQUEADA
1421,https://www.contratos.gov.co/consultas/detalleProceso.do?numConstancia=19-11-9920587,SANTANDER - ALCALDÍA MUNICIPIO DE BUCARAMANGA,Bucaramanga,Santander,BLOQUEADA
1422,https://www.contratos.gov.co/consultas/detalleProceso.do?numConstancia=22-21-30821,VAUPÉS - ALCALDÍA MUNICIPIO DE CARURU,Caruru,Vaupés,BLOQUEADA
1423,https://www.contratos.gov.co/consultas/detalleProceso.do?numConstancia=18-21-5697,BOLÍVAR - ALCALDÍA MUNICIPIO DE SANTA ROSA DEL SUR,Santa Rosa del Sur,Bolívar,BLOQUEADA
1424,https://www.contratos.gov.co/consultas/detalleProceso.do?numConstancia=22-4-13206828,CALDAS - AGUAS MANANTIALES DE PACORA S.A. E.S.P,Pácora,Caldas,BLOQUEADA
1427,https://www.contratos.gov.co/consultas/detalleProceso.do?numConstancia=20-1-212609,HUILA - ALCALDÍA MUNICIPIO DE PITALITO,Pitalito,Huila,BLOQUEADA
1428,https://www.contratos.gov.co/consultas/detalleProceso.do?numConstancia=20-21-20506,CUNDINAMARCA - ALCALDÍA MUNICIPIO DE ZIPAQUIRÁ,Zipaquirá,Cundinamarca,BLOQUEADA
1441,https://www.contratos.gov.co/consultas/detalleProceso.do?numConstancia=19-22-6829,INSTITUTO COLOMBIANO DE BIENESTAR FAMILIAR (ICBF),Bogotá D.C.,Bogotá D.C.,BLOQUEADA
1446,https://www.contratos.gov.co/consultas/detalleProceso.do?numConstancia=18-1-188709,ANTIOQUIA - ALCALDÍA MUNICIPIO DE LA CEJA,La Ceja,Antioquia,BLOQUEADA
1447,https://www.contratos.gov.co/consultas/detalleProceso.do?numConstancia=18-21-2908,CÓRDOBA - ALCALDÍA MUNICIPIO DE PUERTO LIBERTADOR,Puerto Libertador,Córdoba,BLOQUEADA
1448,https://www.contratos.gov.co/consultas/detalleProceso.do?numConstancia=18-1-195268,BOYACÁ - ALCALDÍA MUNICIPIO DE DUITAMA,Duitama,Boyacá,BLOQUEADA
1449,https://www.contratos.gov.co/consultas/detalleProceso.do?numConstancia=19-22-6602,INSTITUTO COLOMBIANO DE BIENESTAR FAMILIAR (ICBF),Bogotá D.C.,Bogotá D.C.,BLOQUEADA
1450,https://www.contratos.gov.co/consultas/detalleProceso.do?numConstancia=21-21-23107,BOYACÁ - ALCALDÍA MUNICIPIO DE SAMACÁ,Samacá,Boyacá,BLOQUEADA
1451,https://www.contratos.gov.co/consultas/detalleProceso.do?numConstancia=23-21-36779,BOYACÁ - ALCALDÍA MUNICIPIO DE CUBARÁ,Cubará,Boyacá,BLOQUEADA
1453,https://www.contratos.gov.co/consultas/detalleProceso.do?numConstancia=19-21-12717,QUINDÍO - ALCALDÍA MUNICIPIO DE CALARCÁ,Calarca,Quindío,BLOQUEADA
1454,https://www.contratos.gov.co/consultas/detalleProceso.do?numConstancia=19-22-6399,INSTITUTO COLOMBIANO DE BIENESTAR FAMILIAR (ICBF),Bogotá D.C.,Bogotá D.C.,BLOQUEADA
1455,https://www.contratos.gov.co/consultas/detalleProceso.do?numConstancia=19-22-6454,INSTITUTO COLOMBIANO DE BIENESTAR FAMILIAR (ICBF),Bogotá D.C.,Bogotá D.C.,BLOQUEADA
1456,https://www.contratos.gov.co/consultas/detalleProceso.do?numConstancia=21-4-12061214,BOYACÁ - SERVITEATINOSAMACA S.A. E.S.P. - SAMACA,Samacá,Boyacá,BLOQUEADA
1457,https://www.contratos.gov.co/consultas/detalleProceso.do?numConstancia=21-4-11668886,BOYACÁ - ALCALDÍA MUNICIPIO DE ZETAQUIRÁ,Zetaquira,Boyacá,BLOQUEADA
1458,https://www.contratos.gov.co/consultas/detalleProceso.do?numConstancia=21-21-26825,CUNDINAMARCA - ALCALDÍA MUNICIPIO DE GRANADA,Granada,Cundinamarca,BLOQUEADA
1459,https://www.contratos.gov.co/consultas/detalleProceso.do?numConstancia=22-21-32767,META - ALCALDÍA MUNICIPIO DE GUAMAL,Guamal,Meta,BLOQUEADA
1460,https://www.contratos.gov.co/consultas/detalleProceso.do?numConstancia=18-21-1679,ANTIOQUIA - ALCALDÍA MUNICIPIO DE SANTO DOMINGO,Santo Domingo,Antioquia,BLOQUEADA
1468,https://www.contratos.gov.co/consultas/detalleProceso.do?numConstancia=19-22-6452,INSTITUTO COLOMBIANO DE BIENESTAR FAMILIAR (ICBF),Bogotá D.C.,Bogotá D.C.,BLOQUEADA
1485,https://www.contratos.gov.co/consultas/detalleProceso.do?numConstancia=19-22-6419,INSTITUTO COLOMBIANO DE BIENESTAR FAMILIAR (ICBF),Bogotá D.C.,Bogotá D.C.,BLOQUEADA
1486,https://www.contratos.gov.co/consultas/detalleProceso.do?numConstancia=23-21-39558,VICHADA - ALCALDÍA MUNICIPIO DE CUMARIBO,Cumaribo,Vichada,BLOQUEADA
1487,https://www.contratos.gov.co/consultas/detalleProceso.do?numConstancia=20-1-212776,NORTE DE SANTANDER - ALCALDÍA MUNICIPIO DE LABATECA,Labateca,Norte De Santander,BLOQUEADA
1488,https://www.contratos.gov.co/consultas/detalleProceso.do?numConstancia=22-21-33141,CUNDINAMARCA - ALCALDÍA MUNICIPIO DE CACHIPAY,Cachipay,Cundinamarca,BLOQUEADA
1489,https://www.contratos.gov.co/consultas/detalleProceso.do?numConstancia=19-22-6514,INSTITUTO COLOMBIANO DE BIENESTAR FAMILIAR (ICBF),Bogotá D.C.,Bogotá D.C.,BLOQUEADA
1494,https://www.contratos.gov.co/consultas/detalleProceso.do?numConstancia=19-22-4539,INSTITUTO COLOMBIANO DE BIENESTAR FAMILIAR (ICBF),Bogotá D.C.,Bogotá D.C.,BLOQUEADA
1495,https://www.contratos.gov.co/consultas/detalleProceso.do?numConstancia=19-22-8986,INSTITUTO COLOMBIANO DE BIENESTAR FAMILIAR (ICBF),Bogotá D.C.,Bogotá D.C.,BLOQUEADA
1496,https://www.contratos.gov.co/consultas/detalleProceso.do?numConstancia=18-11-8247681,RAMA JUDICIAL,Bogotá D.C.,Bogotá D.C.,BLOQUEADA
1497,https://www.contratos.gov.co/consultas/detalleProceso.do?numConstancia=22-21-35183,NARIÑO - ALCALDÍA MUNICIPIO DE FUNES,Funes,Nariño,BLOQUEADA
1506,https://www.contratos.gov.co/consultas/detalleProceso.do?numConstancia=19-11-9847900,NORTE DE SANTANDER - GOBERNACIÓN,San José de Cúcuta,Norte De Santander,BLOQUEADA
1507,https://www.contratos.gov.co/consultas/detalleProceso.do?numConstancia=20-21-20127,BOYACÁ - INSTITUTO PARA LA RECREACIÓN Y EL DEPORTE DE TUNJA,Tunja,Boyacá,BLOQUEADA
1508,https://www.contratos.gov.co/consultas/detalleProceso.do?numConstancia=19-21-12702,ANTIOQUIA - ALCALDÍA MUNICIPIO DE GIRARDOTA,Girardota,Antioquia,BLOQUEADA
1509,https://www.contratos.gov.co/consultas/detalleProceso.do?numConstancia=21-21-26189,NORTE DE SANTANDER - ALCALDÍA MUNICIPIO DE OCAÑA,Ocaña,Norte De Santander,BLOQUEADA
1510,https://www.contratos.gov.co/consultas/detalleProceso.do?numConstancia=22-11-13018784,ANTIOQUIA - ALCALDÍA MUNICIPIO DE CONCEPCIÓN,Concepción,Antioquia,BLOQUEADA
1516,https://www.contratos.gov.co/consultas/detalleProceso.do?numConstancia=22-21-31850,CUNDINAMARCA - ALCALDÍA MUNICIPIO DE EL COLEGIO,El Colegio,Cundinamarca,BLOQUEADA
1517,https://www.contratos.gov.co/consultas/detalleProceso.do?numConstancia=21-4-12067735,BOYACÁ - SERVITEATINOSAMACA S.A. E.S.P. - SAMACA,Samacá,Boyacá,BLOQUEADA
1529,https://www.contratos.gov.co/consultas/detalleProceso.do?numConstancia=21-21-25149,CASANARE - ALCALDÍA MUNICIPIO DE MONTERREY,Monterrey,Casanare,BLOQUEADA
1530,https://www.contratos.gov.co/consultas/detalleProceso.do?numConstancia=19-22-3666,INSTITUTO COLOMBIANO DE BIENESTAR FAMILIAR (ICBF),Bogotá D.C.,Bogotá D.C.,BLOQUEADA
1531,https://www.contratos.gov.co/consultas/detalleProceso.do?numConstancia=22-12-13351907,BOLÍVAR - ALCALDÍA MUNICIPIO DE MAHATES,Mahates,Bolívar,BLOQUEADA
1532,https://www.contratos.gov.co/consultas/detalleProceso.do?numConstancia=19-1-202632,SANTANDER - ALCALDÍA MUNICIPIO DE EL PALMAR,Palmar,Santander,BLOQUEADA
1533,https://www.contratos.gov.co/consultas/detalleProceso.do?numConstancia=19-21-12837,SANTANDER - ALCALDÍA MUNICIPIO DE SAN ANDRÉS,San Andrés,Santander,BLOQUEADA
1534,https://www.contratos.gov.co/consultas/detalleProceso.do?numConstancia=20-11-11268758,ANTIOQUIA - ÁREA METROPOLITANA DEL VALLE DE ABURRÁ - MEDELLÍN,Medellín,Antioquia,BLOQUEADA
1535,https://www.contratos.gov.co/consultas/detalleProceso.do?numConstancia=23-21-37905,GUAVIARE - INSTITUTO DEPARTAMENTAL DEL DEPORTE Y LA RECREACIÓN,San José del Guaviare,Guaviare,BLOQUEADA
1536,https://www.contratos.gov.co/consultas/detalleProceso.do?numConstancia=20-4-10694365,VALLE DEL CAUCA - FUNDACIÓN UNIVERSIDAD DEL VALLE,Cali,Valle del Cauca,BLOQUEADA
1537,https://www.contratos.gov.co/consultas/detalleProceso.do?numConstancia=20-21-19208,CUNDINAMARCA - ALCALDÍA MUNICIPIO DE YACOPÍ,Yacopí,Cundinamarca,BLOQUEADA
1549,https://www.contratos.gov.co/consultas/detalleProceso.do?numConstancia=19-1-203454,ANTIOQUIA - ALCALDÍA MUNICIPIO DE CONCEPCIÓN,Concepción,Antioquia,BLOQUEADA
1552,https://www.contratos.gov.co/consultas/detalleProceso.do?numConstancia=21-21-21469,NORTE DE SANTANDER - ALCALDÍA MUNICIPIO DE LOS PATIOS,Los Patios,Norte De Santander,BLOQUEADA
1553,https://www.contratos.gov.co/consultas/detalleProceso.do?numConstancia=19-11-9753936,SANTANDER - ALCALDÍA MUNICIPIO DE BUCARAMANGA,Bucaramanga,Santander,BLOQUEADA
1558,https://www.contratos.gov.co/consultas/detalleProceso.do?numConstancia=19-22-6507,INSTITUTO COLOMBIANO DE BIENESTAR FAMILIAR (ICBF),Bogotá D.C.,Bogotá D.C.,BLOQUEADA
1559,https://www.contratos.gov.co/consultas/detalleProceso.do?numConstancia=22-21-31366,GUAVIARE - INSTITUTO DEPARTAMENTAL DEL DEPORTE Y LA RECREACIÓN,San José del Guaviare,Guaviare,BLOQUEADA
1560,https://www.contratos.gov.co/consultas/detalleProceso.do?numConstancia=23-21-36202,TOLIMA - ALCALDÍA MUNICIPIO DE FRESNO,Fresno,Tolima,BLOQUEADA
